Dr. José de Freitas Jr.,Dr. Denis Cortês Rivera,2009-04-11,707.229.926-29,i5YqjIap5M92wre,pacientes_fotos/GfFsZhjxSv49qmixl8TMxcij2Q4NgKIcX5bo1lnjgtMmoEdfg3P8en8dTc8deIXufteJRMjVtkAnNMfoMJJjpUU6y5e9P6XYMPGE0rCZOOWb4K3zJ5pjZMBxuyuhgv2cFAJPQHD4pCnWXEi54O0wgzqwfE822zXKzVfZtmmAVZObrXpQD.png
Mila Colaço D'ávila,Sr. Michael de Freitas,1981-11-10,888.211.057-50,jBMD2lgjfj0NAOT,pacientes_fotos/RKyVnPnzm78hXo2FDqFEDoKURzN9JJGXGkVoOhYiQg20YtoexkqKfFoYGGTOjqd3WOclSlnV4wIJqzU9tDtVOoR8yN9KZSutzLvSdV4SuJVVWw0ESA5jiVRtoopT8rAHa0uFdb3SpfvKwwgnytgIHyZgbXaNbzhiaxNyUXsznI5yNYyMU.png
Sra. Karine Leon,Suelen Anita Montenegro,1989-09-07,745.800.872-59,tBUnMn3G2Rydgbd,pacientes_fotos/u2t8eGbc3Cjxjwf0KMEh94YbKR2TThGIMnKMoysepYZ3Xbh8PLvFaYeYPuDRC4yKqRFSIkRFuBQmjVfoyDhdyXJlDdjmGZ47IV2f2Ibe2pCMm4yPoI9bhYx22rDXzgJx55T8eG1IOBYhSa1OHAfrDGFQHa3Sq0EJ3Sl5kDd7CUpsKeRcK.png
Ronaldo Ramos Jr.,Ariana Godói Chaves Sobrinho,1989-08-01,565.151.863-04,w0prYQ0IZYqxjQU,pacientes_fotos/j12a8NtuEI4DKzOne2WS421hmOAysJ8LLBcRdhYyDrcKevIJO2mvS1ZlkDRu0dWiVVrlw2hlPaT2uTbZbrCJc7l8AB7zEBxFMM8Bt0pcqU4pmypP4GpMTC3wUXPTEMhEcWXiAAjHnT73eNpxekPRQHbeWdY6KmEsyPCQEpDKXsqHb80Dg.png
Dr. Thiago Rivera Jr.,Dr. Allan das Neves Neto,1979-02-13,093.037.108-94,CsNzgpY1FxJqyJi,pacientes_fotos/NiRlo8z9HoI1KGnqUv4Q0vpffZRjEyQ7uw5ONyGjTwVTbPKiJLdYRKsyY71p0JLx10LBGu30e4NQQnQpXjwY3WvfFgBduM7G5l8LdWK5DMhp9DF7YJazoxm70mqCadStr56w1ksmw2f94Pi1QqZ6kPvh0cfZWdBsMd1IXiQKUjQfmPnwR.png
Dr. Marília Fonseca Sandoval,Sra. Gabrielly Ariane Gil,2021-08-24,352.482.900-74,TSmGsXd1LFP6JMD,pacientes_fotos/wJ15SoeK2VuFZMTqpNzkvccBfuexXmuflFR5WYDI43qtVrPPV4Whjxlaw4i6rmtPhr15q64lGkfSGYAsAk1boSxbNxrfX5kaDTbBpmpB9Wsu1tpYCpV4rRvWjGc5wFOJGJdmP0uha1fWJeQSNRGK0M2mB6T8SsNgwvz68hb5giWMXJ6QT.png
Sr. Estêvão Vieira Gonçalves Filho,Eduarda Daniele Fernandes Filho,1975-06-21,966.875.699-10,wGysexwGy7XkJ3V,pacientes_fotos/Za5mh9HhL9XYCSTRDQ5JwTbag7QDm5vHR95V6LZ4sPdy10aN70pbXI0fk0InaiIwDgCVO6pUy6G6iTbZ8h9gdyQIrFDxusVN3bLNZA1nLno6wIbkCWAs2i30yEvYy7R63sz0F2PsvPK79VKHyhCPL97uyLrFfVUrrwkXn3PTM6ompo9NW.png
Reinaldo Emiliano Gomes Jr.,Srta. Sheila Gisela Romero Filho,1980-10-20,701.358.840-71,9IFPN9kr2z4iA1d,pacientes_fotos/P2vxXh83XGajE5McJ2MGCd8v9Kea5Tsrp2YksvbaRAoJ2G2iqRnVv2V4ZjU1q1ugpwqsVhslyUPVIyPJSUZFISC0S9zkubUkhDxSLH8R2ibYa7T1PDMMc8hoB4hZwqpAaJxCE9yI9Z9hHfFpAeZyVxonXw4ysHrjtEs6FX8OmLrm1SSWh.png
Sra. Hortência Rebeca Gusmão Jr.,Giovana Serna Jr.,1987-04-06,202.564.693-34,Rr5AvRyJCLVRXZJ,pacientes_fotos/p0maGMiVM36ABOTbzO0kxMUvl1z0BPWV11P7WH1QuBgl58J6l9aYtTJgity7Msyw3xuiiQRalOIY6g027Gf72F2QtE4fI6CQBxDQy2KxVlW79ftTibTlD6jaAw1QtUEoNplnRr3NkQidukhh0y06KvtK8v7WNjMoWBWoMCxzKjFn5AXap.png
Dr. Alessandro de Oliveira Jr.,Sr. Gian Giovane Ortiz Sobrinho,2001-08-31,208.310.407-26,5pJV2VsD4dxS8oE,pacientes_fotos/l1Wi0ylrC4TnYqAfP5yqBhqVsvBUcP9b7ez35zrCopuwT5FhnC83Yt0BI71NpSE6CXP3Ngm2xI4suYxPx4XjPSW7iBOvBh1R2tcyUyNjeRsODKzWrgunCDZkAV6vWnBiHkGCRXxI9hyLeqkWlRVgKGn7a347oWlCwrPSl9hJOvdNHPYLr.png
Diogo Santiago,Srta. Miriam Montenegro Roque,1973-01-17,408.979.402-10,F3NZBpyL3MTqBvc,pacientes_fotos/nfybiAS6HOOaWLxlqwecFtdVXYzyIW9BQegjC2TXjDpu79ON3zpWKNyt7Q4BJq8ykeEp9xBTacQZyQk4c9qg5vrYQAVG8tIeNy7keOeTVvmUBfLchmnNp0Sfjr7X6dZJUmjAfDikYWzlN0mx2fvVlSz2xSWeGgR075dWZ8s30IKK5Sa4D.png
Renato Ivan Romero,Reinaldo Martinho Jimenes Jr.,2006-11-14,244.502.342-43,UJsk7qbFpCr5jOM,pacientes_fotos/696GgsucfPt7OPPNcdOHdvRDuhSCuBCeQnH5U6jwxtF7LXyoFNXdsp4xPFqgs9yk44eKx5yzW095zz9dtvR7OYpIbtX1YmngEk5HgzyMwBB4epR90Om9ypkA8KTE39F4m9iZkb6RuVZaLzN3QzO3rgljVUqOODrEEEGIwyFgb6Bw65nhO.png
Dr. Patrícia Galhardo D'ávila Filho,Manuela Lira Brito,1996-12-11,001.904.259-03,zEOjMi00ALLPMJF,pacientes_fotos/Fp0x931emlbfCSballQXb0O6dX8BOSr2rodPe0QpKdd7grIBuyQVFhMLCVRphGIaK3xfpak7Msbxmr5zPgINrniA9uJg1dnPKbuhmpkm6Cuq08i6ZQqSURMjq1kzI1BPKChe1aG0aEdu6J8m5E8J3nIkTQ6d85LlVifKZnHVLZw969AbI.png
Heloise Rezende,Otávio Deverso Filho,1981-08-19,154.472.009-20,aDRxiBI6LkhvMtY,pacientes_fotos/EQPcWhUYPLNpsj3YH2qgkt7egZ4xhZUZoAdcuH6ou9nbxMQzsJzwuzKwApdRSZKjRyioyZbwPVUHzqRmKofPFPwhJdn5wB93bODNwny7pbRoNyQg3fLKcoMtkqcqYLU2WRkFl9lPRaT0oYjkmkF4P3YIAE8WgX8TfcOmXfb7d8pc5abZJ.png
Dr. Ornela Verdara Sobrinho,Samara Garcia,2018-05-03,743.123.220-90,eB0qX582cYQCdvE,pacientes_fotos/li1nLJtDJ3jYZ1Nnz9Uhju6vnrjYQFHf9Xd1GprOkcKBtw6Cy7pZ7EL1DcmXdz79ek1qbdxuM3hxkUzGFahKfcDQWexuq77M8mTMmUZZawkHdR8k4r4PIeqxOOmMZm7B9zEf3vIeVhKjfxGxAkMO8gBSfYhjPjT9EeTMWCZ2sBy5NAO5t.png
Carol Julieta Ortiz Sobrinho,Sr. Manuel Gomes,2005-07-29,598.582.112-95,CaEjNqYnyAVgHBM,pacientes_fotos/Kdgxm8nQgrEXdAVHOVBwbKrxWH1wtpyAiHZvg51Opc9M10F17NaBMq9anvFJ0VXG4zWM2sqYLHNgog3qVatekktXUXjoPWfLxomkN9AETlf2ezcw9eGJUn3a6b9ihsGjBobOkgf0pJ7JcNBeKWsLdWDHXBFHOVeK7gVL2TUnBcY6lLepS.png
Simone Giovana Bezerra,Lilian Luara Alcantara,1979-08-14,261.632.953-07,s9FoLsC8qwIHjCH,pacientes_fotos/qQsDJnoj9eCvKb1ZPPISUmrZxFP86YzpdvhLcbuCLZRyhtwnRd8Di7rvmmBTMfuSmzey2JjZ7G6Cx0C9HVzWEpsNORQ5S2qkFzqjZZ0uq1QAH6cr0LAeManQbzhG86ItNeoT6OuQyZcTMlutKnQdKsqX8xqqHXTZ0hB4nUr9BYyBfCRa4.png
Matheus Rios Queirós Sobrinho,Sr. Simon Dener Corona,2015-11-10,168.502.359-23,txiYnbhkNgKjENJ,pacientes_fotos/rxw2FUTpsdAoLCLmQbvsTZI2kb8d6tCwdTeXxDy1WMcedezeqGWq8nqPUsckl0Ch5rqkqnHoH7jruf7P77opRwcNFycaZAHgMTPIbgxqJsT7hh5GHBxTGPxPmB49lRSMC3OA4DEQbkZdMFMHYGR5ugYJCgQlrupilaHHmQ8uLDY5m0z7k.png
Dr. Louise Rivera Jr.,Cléber André Flores,2011-10-27,308.196.235-80,MBHibxw1pjryKJ2,pacientes_fotos/OoGVuGWLI0xF5umxkDY3X3ZXm4N7COBh9b4zVybVVFidSRdjTddSGWmTICTB4bl6XwrczHHcZCLNZZoNINh7iIYkPMQ1iiYQqfpy6OXbT6GlA61xDR8yHz7bzMM0MXy6n08k0fZwT6id8vpNU7qrsDemOzBUtVssvOAMai7pC2eB0ZFfj.png
Karine Ohana Padilha,Sra. Mariah Laura Mascarenhas Filho,1974-01-30,786.425.067-09,mX6KCjsTMuCg6tQ,pacientes_fotos/Rr5Gu179CnKx3rFviNfZzKbzdCA6lvfc8DtrruvAi60eKL6IkJapUG2lMVO2CkytEKqLjWIT6od7S2kOTDSIJSnI0btksMYASmAa9dCcjy2iEqWDNFc7dcuQQLY2T8TeWCi8vM8hkyLhi4DSFocjpSkoworRPggULdyRY7gGbJUeSX8OK.png
Sr. Noel Grego,Nicolas Antônio Cruz,1994-08-26,952.361.372-33,8U1kYZ8Q8f99Hqo,pacientes_fotos/cWvnqZFaivkxS7nH54UMhJhAnv2CdJbtGNEDk9M09nKziF556pe8pCxbQ1l66Y0NjIWLmYVgfIxh8oM9kA5sVBIsoNxdGAv1jhwxUCua8oDc0yX7UaPgQCZJFwOqGNjHDE5OOtlVTNtdbhFnDbaACFzuxBLmALSHsxLfxrCjMSNYzFM3c.png
Naomi Pena Filho,Dr. Larissa Ferreira Tamoio,1977-02-21,203.429.601-05,HBd28zBAPAs0uVa,pacientes_fotos/cdE18MZQzEvdnMuu3Qy6HdT3OLACElhhgD5p46SHZo1T4WQrwNpuqPIkVjmDsWx1FwhHpqGqCIZXeFdBoOP120yrDsPHgWy2SAWt2y3YNK2NsBVpHiB8938EoBO345hUtsuH8d3j6pfliy2bIzVprPWovbxyEikbOKraYTPlfObZro5BA.png
Sra. Karen Maia,Elisa Abgail Espinoza,2001-09-26,846.452.450-15,N1IoWBnoosWfdzl,pacientes_fotos/5qJ6Ag8kgYy809L7gY7HGLuvqWXR71cihUigi5Cd.png
Joyce Matos Filho,Dr. Benício Samuel da Silva Jr.,1971-12-25,288.121.510-60,fVUc1GXXgU0FcUF,pacientes_fotos/CFO3ShjyczN8MSHlOQFZYS67G31ZtLOrPwy8IzqHhj8PnqcLMYvlP6Nm4BFjQzjLrag4RsZQgnOsx5daza9zDfwn7BA5Xxl0KzERaBWqgA82mgzUJYQHGUo7DlZizrRTQxtZKQn9aT3JSLwi4oW7Gcxrq14DjDeapMLLzFejrMtohzNyH.png
Srta. Suzana Aragão,Lúcia Galhardo Toledo Jr.,2013-10-31,296.654.181-49,v18KLlGvjvzeIal,pacientes_fotos/7ppZ2ewwiYPcHi3G39qEO1Ww6MhbjCBXI3RGruFKGmonGiHQlKfdWRcP5ileDplaivTC2YzT2fPj1PKt137RnpEfsLsCDnBDaAyYLnCTmdcfiAwCnBpRklzPSeHrSw95l6Sa8xkf6HqumrwvuNqBNnkQy7FvaxNMjj6TXFYIbhgGG6DOW.png
Denis Davi das Neves,Lorena Estrada Rico Jr.,2014-08-29,015.483.065-84,pd2ivlzENry4Nrw,pacientes_fotos/E3jJbuLYFpaie5E99B4bKZiSngwjFtZzb4Wf0kpGV027zuBx5HsxcyNsP5oWsDFVgskIn81Hkx4BvBL4KNivEXIwJiYhD0ntjLCL90Vxf8KPk6rxwwHuewHaCkxRsnyzYtEvuQEabanejvteVebOPBkR6I18oNjJ7nGoLhRR1kqVlY5tu.png
Josué Wagner Rezende Filho,Samara Ávila Neto,1999-06-22,112.823.008-90,lCNulmL2uubjPmW,pacientes_fotos/EZvSZI2Gd0slXQyqMNolhNoptM7nKC6Hzf2dKPcmlUxD3pvE6w67oC9HOgMSAFkSlwr4W6967ikTRSWtdWntJhbyC1pcTi6NPLKJigJMAzNRvg2rfV5B6XEmgzyc7fm2moYOjp05Sk8othJiFeOhjtZA5lCSE5mkIaJxGdsWsnhfjbrKd.png
Sr. Willian Benez,Gean Camacho Ávila Sobrinho,2011-04-17,119.199.611-51,RbuAky64oTuB53Q,pacientes_fotos/ASDSKH4RCxKK8VyMZMckTIwRyROSzGfuBPFHncmL9qsnPPVLZzvV5K8M2CWJ5qynJpvIMcCJ8R020j2wA3GDYHztwbVVfJaO5lIr1U9h4JABlA22FNaIuRKW0rTtc3DaisSe6Stybcx614iR6qnyDnj70OBdoF3zfgxzLJQRDlGTN2irG.png
Caroline Padrão,Sr. Ícaro Correia Roque Filho,1972-07-04,407.895.591-61,0kUhg5aCa4qC5qn,pacientes_fotos/8St847FABZ1reDwGZ2tJ9a83Vkal9k4IrvRvPS3TQNlOeejmdEy7zFg7etbY38lvxc5yR6TZEIrvVfd8ECdosQjVES9KToJaw4XyyMEsTufMUTo2TETWjqyPNJX4vnHl5ykbt6odZ9PQMOlXZnDJpCoeNp4lDIyRxXaKBA8eVv4Lx6Asx.png
Fátima de Aguiar Jr.,Sr. Leo Reis Filho,1988-10-11,784.744.610-30,WkHDy04SJB06qUt,pacientes_fotos/D8qcgyOd4aRONvfyAi8Zi7EEMxR391cXmU6b7D8AtS0T3996z7pwszqJkzF9nDg9oVm60nIAOtwuXTrMxuzsmVuu9XMjAJr2rlblBfxsMQw3hDJ4aLsUqY90301C44d12CqFXaGBfjEKVA7QGJ9kF1sEXrU29vsRMWTmCepzlwfbMxtEk.png
Diogo Lourenço Jr.,Diogo Fidalgo,2018-09-19,778.311.813-50,xkQf1KytV3xk84Y,pacientes_fotos/p27KhLBG65eER2Mo4mvtZjiCvZ5uuTFxUchuU9QO5iESd7z7poSWBs4ERvCuUGDAijowvfognOxIvymkZ9ApwQwnc8fvMBumGB51AkjHrsF1wGw2xQYgPOiGI6LCfvFBVifWN3a9p8bWAX7FRiFTJwQCsJto8L49Ht8lKTVJqFivsPvpz.png
Sr. Denis Abreu Neto,Stella Esteves Valência,2011-03-16,947.846.074-98,fkWd5yPsly1hOkm,pacientes_fotos/8X0G6gav3gqY1ATIcV0gSiQUNduQEjWc5639CAxdH9gEgPo8nNVLEV6rAPSFXEmhU6pRHzi4nv9tjenUS5A7FIBbUY9c6NfzNl4m0r0f8iXqtoB0MWWZPjwrd4mNuult1bwZL9g01Qxi8XYecjXLpLXVI75jQpI2vll0qgAjlgA404vwi.png
Srta. Laiane Mari Vasques,Ketlin Teles,2003-01-03,940.357.026-17,NwyrLgoG9ogUj6v,pacientes_fotos/djId2lR9fCuHu6puPL7pL2Gvgrk3h0l42TB49LomS0Y7SgKV2AsOkXShlnSaqxMKCnUnjc7uUJo2N0wyWNFvGt20HCdYQJQHmURn1novsnyVJPgpbgh7QvxXbNG4FZED9N31RXoBvrNSDom71qzZC6yIUKJyWdEpHlnB5Y7ZlwdJjTYRb.png
Joaquin de Arruda Rico Filho,William Guilherme Saito,1977-01-26,607.730.129-90,wrflFLxWlFjwkAO,pacientes_fotos/krBz7D3a4pBNswFnOsR86Pl0udHMEowEt7sD6kwbWFm8mFfZh5wanHrI6UcQpMrCq1u1AtciXjAmAQl0nBCY0MY8Q1oUBqa56n7k91bEW8Bky78R6DjSy1TysSYQigtTYRcnGiMvLSFHdd88ksAgVloyrQ1y9eSZ0P8pqnYuCAHtcfG5J.png
Gustavo Colaço Neto,Dr. Maitê Ariana Bezerra,2001-05-03,837.614.251-80,5XbALDwyQbiVuXx,pacientes_fotos/5dqTJIlYfZPQEzMgg59RCnWAYS16PhNQJN1QnAPc6iSnAQ9NnKtAzcxACQYSPXSLFVASTYYsAhQ0C0vjMQeQbIp6Fqm3r432pHL0MAkOFdmeDT4A83c6bkuTxbp0ugDXXwRlpjDl9lawsb9IbCDP1xVOnO1KmMwo8CF7GelessV2HC4ef.png
Dr. Larissa Faria,Everton Bittencourt Jr.,1984-03-26,811.857.938-79,9EyVIotHnCs66Vs,pacientes_fotos/lD2b3ReFIiKs3eIT48t7iq3iAGAHAEBJqb0LTouiJxRkav1KWieyYPXBfFMCCeM67D2sRVmEN6QuRISQwENxjpzAafbd61Gsr4A5mvthb61YR8vPna4aHrohyBILkmJdnqy1YdIw4FomS9VcLp2U7YmSEILgQXJfHlecKMSUB4o7WlXIc.png
Verônica Barreto,Sr. Simão Faria,1987-03-05,012.652.313-46,IeEA5Jag4Rjb5nA,pacientes_fotos/sNtA4xWRe1BGs8liA1FcHkJxSVzz9mNtykmlksKOQUOzUSmSgro2NUlm0rMNsa0kBSBrVn11ZoXsYM9hC7KOWGuP3SgSOshbjbuIrAizewPcorjBYY0Y33H0KkTR0VRDwiNkKGdDlLjeT0AK8av3FgYMJR0OWjnyVGbPVg23WI5GwZWRv.png
Danilo Valentin Beltrão,Dr. Raphael Franco,1982-08-24,283.959.673-30,ZphWNiKQ2lFptrk,pacientes_fotos/kciP5AvpUAYjsNorGvErnM3xsucMNsfkrmjRcyDx2P4RthOjzQeFhP8lVWez4hcsKto61Ddr66Wtt5KSjTajmMV3gVSzpaLjct3m1V9JBVMFpTNnjqsOhvtnBe42bOeITOvEDhzFmcs2wZaLxAHqIj6FIWF3RiycKs2bZSy0JE9tz9Zii.png
Kauan George Ferraz,Mauro Pontes Medina,1972-09-02,622.804.317-00,jzTBa33yKOtcQdz,pacientes_fotos/w7Sm1BagYphdwPT3wduY60LnWz98C2qLA1JUbUvHvA04l2wria1g3iqlwASj6NIDioMngHtRayZERjz5ANO5AaRbRXQc2eFix5xIVTPG0NhIbF5Gqlo2kodIsokh8tAKgefsgxmBAklSmx43GqGlcn5cB4X6tt4X7xkbeYgat8L0mnJdM.png
Luna Rocha Leon Sobrinho,Sr. César Delvalle,1998-06-26,277.715.325-60,QEFre4b9qZM5BQx,pacientes_fotos/AhFoRZmzH3SlJPnFzUbqOztb5JZpjObhkg7EfHPPc5O2Jo48JEpykWWrZ4sCl1h4hDMODNwN7GbLAVoE9wS2Nf6rsZngjLvGLCPCzXLTIhuDH8nLQOZcng7avQcs8Nh6px1TJyQutZ12nL436rkMhl1BbsjIxnYMTrEfmKyWLYh4txVgu.png
Sra. Laura Pacheco,Dr. Eunice Giovana Gomes Sobrinho,2005-11-30,681.094.569-52,Vt7mGwLBqMJpys9,pacientes_fotos/fnolzllLuYMVKeJgBrJJvUapiY4WtZEBGECiHbaHeJDv1Ll5rekEVq8uKi9sh5TGVe5O5GFdh4X3iUvjgKxS5hZ0kgmsgl54kBwX2kx3klKdrzwl4d5TRRS5ZaeKUkdEkHKJHH0S4FQqllzs4blVmc9rqpCdcFrX2WLuoObyu3cGb3ZkY.png
Dr. Hortência Rico,Dr. Elias Valdez,1972-01-02,222.990.847-20,mNS8MbTOF47IB39,pacientes_fotos/0pHnMPjcU9XMWBU7dbckkgxEWFcjueNdZtxf3t0awa1jKWkR9dEqJHHyBscxjyTpsvlbDxzd8HdEjngHsL16LgLVxNmeFhw2bN4a0jUl7xSk47Jjvsb1T3uZ615pz4UC9HynM6gdpks0bqqnqqadEc9ak5Pe0LqI9CUjetYcjCqSwffo1.png
Dr. Valentin Serrano Neto,Santiago Jefferson Toledo,2019-01-16,887.227.719-13,lKte9XAe13zMQPZ,pacientes_fotos/O7SViydZPbA92fuTxj7wIZelHLxNZyvAOTRMqgOlX0ITIDRqFUHxZa3cj84acbgZKvSlRsBRWoFyXAJwCc7aYAYnQC88NKpf9jwRsLmymUhk1brhD7Yh9HGrUH9IVE0urLbLYhzXB3FctYkAb5ofWSGA1NWWS20OVrnjPXST1DepWXNYH.png
Dr. Demian Teles Neto,Hugo Galindo Assunção,2016-12-06,229.794.604-00,eU0qfwhZi2srG8Z,pacientes_fotos/hz4yMpu86dkvmTb94kEl2g9w6rhXYZAmCtDaQtOJCF87bpcwmRpmSlE3VdmNvloWiA8voOuyBjxBYhk39ROE3Bf9giJCdKp7vCIjSTyNlETSFEuCPgJ5Llw6cufdXwcLigprnbKUWLiybPwxoc85s9DkahIRGf4xW9UTDS0hRDRtIS374.png
Srta. Pâmela Salazar Sobrinho,Sr. Juan Marin Ferreira,1980-10-28,316.441.484-63,9SrMA05VgpN6w9x,pacientes_fotos/OPnGBM1aWU8oAMVOa5nCGLGbyveZ6rCfSV2ILGuhVLUPat0a9PULNl3sLqEP1dRDVb4ISlAygITDLXbCYLUN2OKovfRxxmEFTdRmYO14xlfZePlqRYQB5pAMR44bh4O1gK0iYaVMHJGujjs86QxCSNetJ5oULfvSp3z3GODkM3TG768wH.png
Sra. Ellen de Oliveira Feliciano Neto,Dr. Ariana Taís Zaragoça,1989-07-23,477.282.765-06,Zo9vcg2ocjisglr,pacientes_fotos/8kayuBkZ2X0LX0bDbsMMWmfE9OPJWnC5xUNzN8HdHUy57275RgPDLESC9x2f0682UaMWmx09epNNAvhLvV2o2iDmxqLfpLm8D0RvzhoaR6cHS0AcU59cTbr2MHb2aeoSZ75iDmd3TbHyd2Meb0IiE2jdbMJVzQtLs3GdkUM3wa1882uJq.png
Sra. Louise Renata Faro Neto,Fábio Corona Pontes,2001-05-10,690.303.345-92,2nMi8Vy0ysj1OUI,pacientes_fotos/siOJU011nBwWgPTtWVzse7BgnPAUIGmkGnUxPAAXVWi6fuccWweaH8lDUcn3U11ppOq41J7BkL0gcEp9mMCnRtn8w1JbiI0TR7KHLsW7ptkoLNQOHNMoU5d6pYQEID4P3t6aHle57Xg19tcuUldRMh3lHzZvOpnHCmEVxTfmDxOURKIiZ.png
Dr. Reinaldo Everton Batista,Raphael Chaves Sobrinho,1987-07-08,620.527.972-03,jVx6dgoJ6Purkys,pacientes_fotos/FeQmQcyDIkrA1kvBqUArB2TunpEsLrKh9TeFrzZ8F7R6jrTpWBnxsRWt3xtJoTdVrvemDLQoib5gS5B88s3uXdIlZX7YYzH8J4AavLdhZMur8MQl43axaqJ39edZ7CzauRtdnMdDzZd3Qkixe2sePly5nV9Ts9kne4OYeNLEvdGgoYWFd.png
Dr. Anderson Joaquim Cortês Sobrinho,Sra. Alexa da Cruz Franco Jr.,1999-01-08,594.655.330-50,efdv69V36npDeFz,pacientes_fotos/em15693nO6n8bSL3HswXdwymahYCV94gGaQYxPlIDGCwXJ8tqQo3EpiCUpKjOgCfux3ZtJQQuEbe3GchtohzFc4vRZc7GnEkvU5Xy1veJJtCTKgDMTAh3EWOcf55I13CBOesxrT5h2SsKC2uBRPPscWPtOkokW3RQzqpLAaNlezFYOag5.png
Dr. Nicolas Adriel Ávila Sobrinho,Márcio Ferreira Jr.,1984-02-01,579.543.273-37,7DCMUmv8xs1wdhD,pacientes_fotos/VrBXkt71bbiwCqcLuLTwSnvrodWk54l3SSJMm27sIDBb6lvmhjs1Tx3KZG2jzHmM3aLRU2gnNlua2jeUlZcxKdDzkJqukO4a82g10cRCPgwDwPZEboY3NGYQLghnxmFbl1kOMWyqDXD4HcNY942T3BwX9Imc15JVK9broCNfahbyCwyOX.png
Mirela Rangel Neto,Srta. Tainara Meireles Neto,1994-04-13,815.130.360-33,faywEmgZhXSBhNQ,pacientes_fotos/XgHV8289OVbovswUA3NcsKGTJFnCAlskRW9MY03Bu5mAjU0Fr1rUTCL7dbI8nB14YInXG8yh9itHZQ7nU2ww8tOxQc4wCnS6c0O94mWHUvGB0WkTSdl2VTiDuA8mYPb6eayP5fxp05X1IZPwnd9cqMR4cLK9GgWceoeE9VtKhJUDmkCP9.png
Dr. Evandro Perez,Dr. Gabrielle Fátima Gil Filho,2002-03-15,457.832.850-30,CjOhCXeCdVaKOCX,pacientes_fotos/qYtq8384fEAQgHWhqWRxlOOiEjLrXJRlXhxMSQAqYBuFuDPy6okAAbngxCiyT5YDHR4Qk4IVQQY0j4i2Q7RKVpNCRwg98F4kjYddEaZ1IDYgEHSHtUw4WRirIGaeJ7a6hHiymAU3hYyuPByvwGSMpubaycoY9kYE4cJrblRM3jxQwMSZ8.png
Srta. Vanessa Pontes,Poliana Correia Salazar Filho,2017-11-25,745.384.507-66,ZJaAn9m7rn3J7jV,pacientes_fotos/5qp8TU3gNbasFdiui17CeAT0srwijB2jCyKcVtuBjPPQroc3cz3SbdPJhLDVZTFeW4lvjv4IY3jnLTqbikVY78DQsdJccDDFegznLB4IoWqBcm8W49bDxjYydRL8V4Tnjo6D3M8xfJSZYBPPWmJEqJ6FjqboXmaAnmICPqvC5h6bgT6C5.png
Cristina Ortega Paz,Dr. Anita Cervantes,2020-08-04,481.120.987-78,jqAfc6akZEZcp7o,pacientes_fotos/8YwCwO1hjLbqktjiovyFn4PY8e32KmO7XpXcJhu7IKJYTDAyv5zf0ckPacJCvZJzN7XofdWIGCLtt6uBKy6ALMeFUvmw5RvD7vPDaa2zQT9jfycGievapfEf7saVT99iewZbxHhZgP8CouwmnPyb3O0J9GX9fC3wxP8HuNZcbGYlrr37d.png
Luiz Cláudio Santana Filho,Dr. Regina Neves Vega,2017-12-06,654.143.613-47,wYR6U1XkQFwbNyX,pacientes_fotos/ugHlMgLY2Pz089i5XfydRPP6w2cEoRYLJocGzOy2xQhe4Ta6Vy2a251K1TTDVb0O3MPTzT5AVTpr7sy55duKgQXqTB8LCmNyV3EklC7iny30nPB2T61GIC6SwXqhQL6VU0noxotzDq6gG7ws3Vu4DzZASLeUofEpIGcgb5f7LcOxbkYyB.png
Willian Renan Maia Sobrinho,Dr. Beatriz Iasmin Medina,2005-03-27,846.091.394-56,6ok4pWPDJLRivBc,pacientes_fotos/WgiAPrn81arTNVRXgbit2lZMAKD3nErm94shII3FJtZ6R4nq0E33bAkRFiNTch7542r1kFlPoAy07UP7OC0m1y4NbRXuVqCLvtHTeXagUnEb0ng5UdqGmmsyMiuaUF1W6CtqecEmDdSUNOavOYcVJxbnxMJN9YdLhSBV909FHu3e2zL1o.png
Dr. Mônica Alícia Furtado Neto,Sra. Lorena Tatiane Lutero Neto,1996-04-23,834.450.840-17,lWAzMLRdKxiyy1h,pacientes_fotos/lMLQ6FXlwj3wGN4j9IhjOrGeGNempOvNOoHqt86HXcOkQBLWpLAMFwgMgjWkAgHC20wCDfaJes7VZZcoSEEimiRLOmABgjtuaqaEnEMhytwVcX1IKvzHuBNvFnpdf2XMJoqaCeWuRwWDbeCjpSu7Ckci6qmHB9tOvlRZgh8hWKUankpGI.png
Mateus Reis,Cauan das Neves Godói,2012-03-04,992.041.692-49,wcLwsUO6r5rZkzd,pacientes_fotos/EXN1rIPCUJPO6wsW5r2EE6WOkPVEMGF3vyAVb4M05Gx2pz6aAgNYPfHn6KvV445MaSLTq5R94uhx5xNL8cHOu6wurRiruUpgW8Hq0gB9cTJdlWxQBVK1l56XgCntRrAtg09yE9AoVqYhNvwi3S2hhhDtiqNL2AWBfqHjqhXalbBVSVywy.png
Dr. Flávio Cauan Marin,Leo Cléber Vale,1975-07-27,721.092.049-82,JKhkmqtF4LdsE1l,pacientes_fotos/z8MFNe8xkDBP2acHaWMvvpNGnef8ZmhfBmSiodlU33MCiZYD8pZhTE5pH63tj1BILQqFh1DbHLgphoShAgM0T6i7w29F2qxEihy1M4PObvBEq8q5D0VRN0mvLLSNRdInRGbR414VvdjoB2iOXGsBW8rMlitMASb3tvM59MzRhlm7ROTxI.png
Srta. Alessandra Mendes Pereira,Sra. Poliana Dominato Delgado,2015-09-02,231.495.831-44,tJXuqVPwVrhpzLI,pacientes_fotos/cVYiJQSyeYLM97Ww2aNfZn40XZcNEHzBACid92IRcxSFluNy4bbYWZK8ZlkqgIUvu4G7EFpih1m7LTNmrUD4aVL02XpdeNwf9Lp9cL7lUBKe8OuKrGVcO7XtpWHA3IHZqOkbyQtMEvgLI2eN88V37OA3BCN84Ob1jcLcCUIvh1IDGxCiB.png
Sra. Franciele Gonçalves,Francisco Maia Aragão,2007-11-23,109.614.633-92,Sk9uNObSE1ehwVg,pacientes_fotos/NhHNlVS7phB5ObqPqftqs4LbNuZWYY4LaqVsF2Yr29GHeyMVXHtLrWo4bAhmvK5hFuJnTMOhvoCG6GGBvMtdbyMmQtBUpfJbxoNZGf7twEf3gjBfBsp8y9E4EsneIxL5Fua3LW23dJIW3j6vSgKrPe0D1mYW4IzZl9WhZVPl5VFA53AfQ.png
Sr. Théo Santiago Faria,Sr. Wagner Valentin Medina,1987-05-27,087.895.029-06,2JLgnNoDGPsKhm8,pacientes_fotos/UodEiToINyWqk6HOYXYIiH2WU0kZNNbKpJwYaCiWd9lpOWrk95mJsuFw9ZsXYAUSIJOWfkVTQIXMjyzfylkPnbBE06EX8Xq9bowbENOxdFZEkhTPWSCr7BmmPe3ieEciijKQ1MWr1tF1B5eZ4muHNZCJJxTE6zV97m6QtJOipayG3CNfn.png
Lucio Daniel Camacho Jr.,Larissa Maldonado Flores,1978-01-30,546.993.166-89,sIM8P9bA6TLCadQ,pacientes_fotos/dTuVZX40mhd01E09EciRg8Hvf5tLigyoAvNY4cKzYhUsRKUyoOCu9deSqNOgJy1eZBXb4IHzyJnMUtgYRpFK3Zd383bba3kKQDu2TvryqI2hjrgzeLQ8KOLxR75xrR5HP3g3bt1j1jJD5wFdm4PzIdzRPhZCK1STRn2JadSr3hnHvwpRe.png
Eloah Sanches Sales,Srta. Roberta Lavínia Roque Filho,1975-05-01,488.461.660-00,vhYdYLIfAjQGhh6,pacientes_fotos/PN9j6YV0lDyRHmDZM9ojv5a54grBQpBzZj2pc1njjBZQlwpW1ECUzTYAWoTBBGbGrqcMdD11Z2yyXAey2gl1kuhXIee9WP2IAnNRe7j8ncPU4gXTUVsLU9cWGmejcN7HyXpSvZ5BxrEBt4woFSFFyMmkmOCBRMunBSATzcPY7ZKDFjE9p.png
Inácio Valentin Filho,Kléber D'ávila Sobrinho,1973-04-24,719.493.807-34,gyCa0Tea0yd6ydk,pacientes_fotos/VYRCaBJGSUB1Spr2yW1r6x8B4tRE59YSAxy7ElDaWRrXWTWVYIcrhnZfaUcD6mYfEHHoz8cUus5KmyeDNrdrl9qlMumOlVj56JPmyaoiucm56RIKfdcL173ya6lP3ZwRapMhcFvqap0OzDP22124qLqB4aqRyO1hLETRoFKpeE9Tde6Lv.png
Henrique Ramos Saraiva Sobrinho,Carolina Bárbara Faria Jr.,2013-12-04,417.129.433-91,J6vmdfoLyltoz3a,pacientes_fotos/7Lf4rkKwjSK2Ajpf7HLPjnSPuKTB3DDaqOb41Mnd28QeLepc66IueNjAiGZcHF1abzVKtwNWIozzQv7C2M3PclLomNuJhiiPQtMqpl0Lc83zzbcxbZhJwziFeSjm4snsx4VB3BCSG3qWTuwlLPhKns19HynxPRlJvZJOXPVcs2xobTftA.png
Sra. Júlia Matos,Dr. Sérgio Hernani Queirós,2010-07-05,554.386.434-58,WTqqCvQyp8YwWrY,pacientes_fotos/NXBssaZg00czGPtEk21mjaDzJ9cjKe42qvJS5Ysm1fZOdMbLweSzD6MrmHuaiEy0B4Ba19vKsxUlec5iPJbNGH1tKDfxr5XuXqjRByesA31KqkxhohoZ88EbQPjDqRglHtigRSRUOHNaexrVSXQT54bKnII2h2OIncDZ2XmxdgRBmAnzR.png
Dr. Fábio Ferminiano,Dr. Rogério Zaragoça,1974-11-07,107.323.471-14,Ym5LhStpfqSTP0a,pacientes_fotos/vo0OcfNWvxG1MPUdCM0YmOx9qlF28BJZwxsicsMW1dhl1MNX1ytrkFuH0pxpm4kQilSyCpq51MsIIywAj6UdGdb5jr7gl0dnWnauUbg6IVT9lzXsETnoKhWwESgGzbCgS2PtShPiZJyfnpNZLvQ0X0vYzlDRCc1tH7ubEiptaAW2dSy5C.png
Sr. Simão Aguiar Sobrinho,Heloise Rios,2014-09-09,450.297.146-42,65wBGwxVZr4TrfN,pacientes_fotos/ViBjwIik8ed2k5jTn8IpCmok9tHfCtI3f6AFC7loedxD2b3owZALedKoZ2VKKZgVWMHGshIDF7SCOeymlyyrVdCPJd8cIRZ7hTk24bK85hcFCXJwDP9rsfdrL5BnxGYHQjcjKHD3XBOSQ4aXvuJCcAEnKme5eO1hw0GxrwA6nUNyCakSP.png
Leonardo Quintana Caldeira,Yuri Jimenes Ferminiano Neto,2014-01-14,122.025.448-79,BsnkHYCfKtwSJ5X,pacientes_fotos/YxHr3XyCo4TBS6blErTWmemhTdvUpQ9VEULaUN9MyTrUjePS7Ire5beS9ggnAEbhQi4xWMtsLWUHRLW8SgJTibSGMjAag9bviQE7youiXGYNHBbKtvMZnCc1xgRaZgzdl30V2W5MPrrq6XdP2YprTyyX9JK4jNvqsaFf2627Y2lEuqYCB.png
Srta. Valentina Suelen Zambrano Filho,César Vega Filho,1978-12-04,435.211.729-37,gM4uKav7ovEqqht,pacientes_fotos/BLqajvCz8n379j6Wj8NQjghmJA4BhYN7UGLtsU31o5B94xWpCxx5gtcSEbJaO4UGZwRXQkuQwTHey9m1E6GHjIyyP8hvafjCUadYFLmGn4pc0455bJTKZd9xQbhJpO0tvK7pqJJQPrv5XsKxMcLaSpmgzCMhQp2fzTimFArVsevHjBuoI.png
Sra. Naomi Fontes Neto,Dr. Nelson Alcantara Estrada,2005-12-13,875.323.775-71,y1XoYj7WNVEOmSv,pacientes_fotos/LTDFjcSXyv8AeVtacK868SfuBZdiLjcaClX20E4Uu32ElV5f6MPdGbfYvBbhVIExd9aD5CD7mnAp47lVoVD3bLmtHoW1OFiCU3fIzF6Wib01Dax0cZEpm5pK6lt7JNS3zGJpn5uEFZIXTsXRSViQmJ9wtDfRAZpZZY50kPOoy2BTUs7jd.png
Sra. Priscila Mariana Salas,Regiane Isadora Lovato Jr.,1970-06-27,799.814.339-85,RrANt9qeWM76W7V,pacientes_fotos/wXoJElN93Dxi2v7KivUyIAOJFr2r61KjeLAh1Za5hxobaKkfVAq3ySHWFJykjdRFSTu05lXirpPlXLpFnwXr7r3qBnXyusVruZf8t2YbTkNWZw0WnbLO6i14CKXmk8p5OOVxxlwioO0xvNwDGyl6Lf5clx4VoV3XyArsS8Y92c8rCsPHh.png
Rafael Kevin Lutero,Liz Tamoio Espinoza Sobrinho,1984-10-28,237.119.831-54,sX26OBDJIPe9oDT,pacientes_fotos/8RSgbQFOzDEXMYGwBkc2jBbQpAPs28k1uFGuOSzNDiV3UGWVxtFEqdPEG8OwQ8IM5Qs7NSYpLSmYdNb7XGGX0cOuPf3hTDWMRMg5Kw178dABgqEXdHxpFovT1tEWOz8KJRMqDEg70TbQhXIn9Ghs6hHwf2D2ms7n1I8V7vY8Cf0L5Ck9I.png
